Feature,Importance
Size_sqm,0.5553832
Price_per_sqm_Local,0.44099838
Area_Bandra,0.00075348857
Bedrooms,0.000734116
Year,0.00061112986
Area_Powai,0.00058432407
Area_Borivali,0.00048728078
Area_Colaba,0.00044803877
